Workbook

Sheet Risk Assessment
A1: Scenario ID | B1: Attack Scenario | C1: Threat Actor Objective | D1: Primary Target | E1: Technique / Vector | F1: Vulnerability Exploited | G1: Key Warning Signs | H1: Likelihood (1-5) | I1: Impact (1-5) | J1: Risk Score | K1: Risk Level | L1: CIA Impact | M1: Existing Controls | N1: Recommended Mitigation | O1: Owner | P1: Status
A2: PSE-001 | B2: Credential-harvesting phishing email | C2: Steal employee credentials | D2: General workforce | E2: Spoofed sign-in alert with fraudulent login link | F2: Users may trust familiar branding and fail to inspect URLs | G2: Unexpected login alert; mismatched domain; urgency; unusual URL | H2: 5 | I2: 5 | J2: =H2*I2 | K2: =IF(J2>=20,"Critical",IF(J2>=12,"High",IF(J2>=6,"Medium","Low"))) | L2: C / I | M2: Spam filtering; MFA; awareness training | N2: Use phishing-resistant MFA; URL rewriting/sandboxing; browser protections; targeted simulations | O2: Security Operations | P2: In Progress
A3: PSE-002 | B3: Business Email Compromise (BEC) | C3: Redirect organizational funds | D3: Finance / Accounts Payable | E3: Executive impersonation requesting urgent payment | F3: Financial changes may rely on email approval without independent verification | G3: Urgent secrecy; new bank details; unusual payment request; sender-domain variation | H3: 4 | I3: 5 | J3: =H3*I3 | K3: =IF(J3>=20,"Critical",IF(J3>=12,"High",IF(J3>=6,"Medium","Low"))) | L3: C / I | M3: Email filtering; payment approvals | N3: Require out-of-band verification; dual approval; DMARC enforcement; BEC-specific training | O3: Finance & Security | P3: Mitigation Planned
A4: PSE-003 | B4: Spear phishing against privileged administrator | C4: Obtain privileged access | D4: IT administrators | E4: Targeted message containing malicious link or attachment | F4: Privileged users remain susceptible to highly tailored social engineering | G4: Personalized context; unusual attachment; external sender; credential prompt | H4: 4 | I4: 5 | J4: =H4*I4 | K4: =IF(J4>=20,"Critical",IF(J4>=12,"High",IF(J4>=6,"Medium","Low"))) | L4: C / I / A | M4: EDR; MFA; email filtering | N4: Privileged access workstations; phishing-resistant MFA; attachment sandboxing; PAM | O4: IAM / Security | P4: Open
A5: PSE-004 | B5: Vendor impersonation | C5: Change payment or account information | D5: Procurement / Finance | E5: Compromised or look-alike vendor email | F5: Vendor change requests may not be independently validated | G5: Changed bank account; domain typo; altered signature; unusual urgency | H5: 4 | I5: 5 | J5: =H5*I5 | K5: =IF(J5>=20,"Critical",IF(J5>=12,"High",IF(J5>=6,"Medium","Low"))) | L5: C / I | M5: Vendor records; approval workflow | N5: Verify changes using known contact information; vendor authentication procedures; dual approval | O5: Vendor Management | P5: Open
A6: PSE-005 | B6: Malicious attachment phishing | C6: Deploy malware or ransomware | D6: General workforce | E6: Weaponized document or archive delivered by email | F6: Users may open unexpected attachments and endpoint controls may be bypassed | G6: Unexpected attachment; macro prompt; password-protected archive; unusual file type | H6: 4 | I6: 5 | J6: =H6*I6 | K6: =IF(J6>=20,"Critical",IF(J6>=12,"High",IF(J6>=6,"Medium","Low"))) | L6: C / I / A | M6: Endpoint protection; email filtering | N6: Attachment sandboxing; block risky file types; EDR; least privilege; user training | O6: Security Operations | P6: In Progress
A7: PSE-006 | B7: MFA fatigue / push bombing | C7: Approve attacker login | D7: Remote workforce | E7: Repeated authentication prompts paired with social engineering | F7: Push-based MFA can be approved accidentally or under pressure | G7: Repeated prompts; unsolicited help-desk contact; unfamiliar login location | H7: 4 | I7: 5 | J7: =H7*I7 | K7: =IF(J7>=20,"Critical",IF(J7>=12,"High",IF(J7>=6,"Medium","Low"))) | L7: C / I | M7: Push MFA; login alerts | N7: Use number matching or phishing-resistant MFA; rate-limit prompts; train users to report unexpected requests | O7: IAM Team | P7: Mitigation Planned
A8: PSE-007 | B8: Help-desk impersonation / pretexting | C8: Reset password or bypass authentication | D8: Help desk | E8: Phone or chat impersonation of employee | F8: Identity verification procedures may rely on easily obtained personal information | G8: Caller urgency; inability to satisfy verification; request to bypass normal process | H8: 3 | I8: 5 | J8: =H8*I8 | K8: =IF(J8>=20,"Critical",IF(J8>=12,"High",IF(J8>=6,"Medium","Low"))) | L8: C / I | M8: Help-desk scripts; account verification | N8: Strengthen identity verification; prohibit control bypasses; log/escalate suspicious reset attempts | O8: IT Service Desk | P8: Open
A9: PSE-008 | B9: QR-code phishing (quishing) | C9: Capture credentials or redirect to malicious site | D9: Mobile users | E9: QR code in email, flyer, or document | F9: QR destinations are difficult to inspect before scanning | G9: Unexpected QR code; login request after scan; urgency; shortened/obscured destination | H9: 4 | I9: 4 | J9: =H9*I9 | K9: =IF(J9>=20,"Critical",IF(J9>=12,"High",IF(J9>=6,"Medium","Low"))) | L9: C / I | M9: Email filtering; awareness training | N9: Mobile threat defense; QR awareness; block risky destinations; phishing-resistant MFA | O9: Security Awareness | P9: Open
A10: PSE-009 | B10: Fake shared-document notification | C10: Steal cloud credentials | D10: Knowledge workers | E10: Fraudulent file-share invitation | F10: Employees routinely receive legitimate collaboration notifications | G10: Unexpected document; external sender; fake Microsoft/Google login page; URL mismatch | H10: 5 | I10: 4 | J10: =H10*I10 | K10: =IF(J10>=20,"Critical",IF(J10>=12,"High",IF(J10>=6,"Medium","Low"))) | L10: C / I | M10: Cloud security; email filtering | N10: Safe-link inspection; external sender banners; phishing-resistant MFA; report-phish button | O10: Cloud Security | P10: In Progress
A11: PSE-010 | B11: Smishing targeting employee mobile device | C11: Capture credentials or install malware | D11: Remote / mobile workforce | E11: SMS impersonating IT, payroll, or delivery service | F11: Personal/mobile channels may fall outside enterprise email defenses | G11: Unknown sender; shortened link; urgency; request for credentials/payment | H11: 4 | I11: 4 | J11: =H11*I11 | K11: =IF(J11>=20,"Critical",IF(J11>=12,"High",IF(J11>=6,"Medium","Low"))) | L11: C / I | M11: Mobile device policy; awareness training | N11: Mobile threat defense; SMS awareness; prohibit credential entry from unsolicited texts | O11: Endpoint Management | P11: Open
A12: PSE-011 | B12: Executive impersonation via messaging platform | C12: Obtain sensitive data or fraudulent action | D12: Executive assistants / finance | E12: Fake or compromised chat account | F12: Employees may respond quickly to apparent executive requests | G12: New account; unusual tone; secrecy; urgent request outside normal process | H12: 3 | I12: 5 | J12: =H12*I12 | K12: =IF(J12>=20,"Critical",IF(J12>=12,"High",IF(J12>=6,"Medium","Low"))) | L12: C / I | M12: SSO; messaging controls | N12: Verify high-risk requests through a second channel; restrict external messaging; train targeted teams | O12: Security Awareness | P12: Mitigation Planned
A13: PSE-012 | B13: OAuth consent phishing | C13: Gain persistent cloud access | D13: Cloud application users | E13: Malicious application requests OAuth permissions | F13: Users may approve excessive permissions without understanding scope | G13: Unknown app; broad permissions; unexpected consent page; external publisher | H13: 3 | I13: 5 | J13: =H13*I13 | K13: =IF(J13>=20,"Critical",IF(J13>=12,"High",IF(J13>=6,"Medium","Low"))) | L13: C / I | M13: Cloud app controls; user consent settings | N13: Restrict user consent; admin approval workflow; monitor risky OAuth grants; revoke suspicious tokens | O13: Cloud Security | P13: Open

Sheet Scoring Guide
A1: Phishing & Social Engineering Risk Scoring Guide
A2: Likelihood | B2: Definition | D2: Impact | E2: Definition
A3: 1 | B3: Rare – unlikely in the current environment | D3: 1 | E3: Minimal – negligible business effect
A4: 2 | B4: Unlikely – possible but not expected | D4: 2 | E4: Minor – limited disruption
A5: 3 | B5: Possible – credible and may occur | D5: 3 | E5: Moderate – measurable operational effect
A6: 4 | B6: Likely – expected to occur | D6: 4 | E6: Major – significant financial, operational, or data impact
A7: 5 | B7: Almost Certain – frequent or highly expected | D7: 5 | E7: Severe – enterprise disruption, major data loss, legal or regulatory impact
A9: Risk Score | B9: Risk Level | C9: Treatment Priority
A10: 1 | B10: Low | C10: Monitor / accept as appropriate
A11: 6 | B11: Medium | C11: Plan mitigation
A12: 12 | B12: High | C12: Prioritize mitigation
A13: 20 | B13: Critical | C13: Immediate attention
A15: Portfolio Note | B15: Original fictional assessment created for cybersecurity portfolio demonstration; no real employee, organization, or live phishing campaign data is used.
A17: Reference Framework | B17: NIST Cybersecurity Framework (CSF) 2.0
A18: Source | B18: https://www.nist.gov/cyberframework

Sheet Dashboard
A1: Phishing & Social Engineering Risk Dashboard
A3: Metric | B3: Value | D3: Risk Level | E3: Count
A4: Total Scenarios | B4: =COUNTA('Risk Assessment'!A2:A13) | D4: Critical | E4: =COUNTIF('Risk Assessment'!K2:K13,"Critical")
A5: Critical Risks | B5: =COUNTIF('Risk Assessment'!K2:K13,"Critical") | D5: High | E5: =COUNTIF('Risk Assessment'!K2:K13,"High")
A6: High Risks | B6: =COUNTIF('Risk Assessment'!K2:K13,"High") | D6: Medium | E6: =COUNTIF('Risk Assessment'!K2:K13,"Medium")
A7: Open / Active Items | B7: =COUNTIF('Risk Assessment'!P2:P13,"<>Closed") | D7: Low | E7: =COUNTIF('Risk Assessment'!K2:K13,"Low")
