Workbook

Sheet Simulation Data
A1: Quarter | B1: Employees Tested | C1: Clicked Link | D1: Submitted Credentials | E1: Reported Phish | F1: Training Completed | G1: Median Time to Report (min) | H1: Click Rate | I1: Credential Submission Rate | J1: Reporting Rate | K1: Training Completion Rate
A2: Q1 | B2: 250 | C2: 52 | D2: 24 | E2: 78 | F2: 232 | G2: 42 | H2: =C2/B2 | I2: =D2/B2 | J2: =E2/B2 | K2: =F2/B2
A3: Q2 | B3: 255 | C3: 41 | D3: 17 | E3: 101 | F3: 245 | G3: 31 | H3: =C3/B3 | I3: =D3/B3 | J3: =E3/B3 | K3: =F3/B3
A4: Q3 | B4: 260 | C4: 29 | D4: 10 | E4: 132 | F4: 255 | G4: 22 | H4: =C4/B4 | I4: =D4/B4 | J4: =E4/B4 | K4: =F4/B4
A5: Q4 | B5: 265 | C5: 18 | D5: 5 | E5: 168 | F5: 263 | G5: 14 | H5: =C5/B5 | I5: =D5/B5 | J5: =E5/B5 | K5: =F5/B5

Sheet Dashboard
A1: Security Awareness Metrics Dashboard
A3: Portfolio Scenario | B3: Fictional quarterly phishing simulation results demonstrating how an analyst can measure awareness-program effectiveness.
A5: KPI | B5: Current | C5: Target
A6: Latest Click Rate | B6: ='Simulation Data'!H5 | C6: Target: < 10%
A7: Latest Credential Submission Rate | B7: ='Simulation Data'!I5 | C7: Target: < 5%
A8: Latest Reporting Rate | B8: ='Simulation Data'!J5 | C8: Target: > 60%
A9: Training Completion Rate | B9: ='Simulation Data'!K5 | C9: Target: > 98%
A10: Median Time to Report | B10: ='Simulation Data'!G5 | C10: Target: < 15 min

Sheet Metrics Guide
A1: Security Awareness Metrics Guide
A3: Metric | B3: Definition | C3: Desired Direction | D3: Why It Matters
A4: Click Rate | B4: Percentage of tested employees who clicked the simulated phishing link. | C4: Decrease | D4: Measures susceptibility to phishing interaction.
A5: Credential Submission Rate | B5: Percentage who submitted simulated credentials. | C5: Decrease | D5: Measures a higher-risk behavior that could enable account takeover.
A6: Reporting Rate | B6: Percentage who reported the simulated phishing message. | C6: Increase | D6: Measures recognition and active defensive behavior.
A7: Training Completion Rate | B7: Percentage completing assigned security awareness training. | C7: Increase | D7: Measures program participation and coverage.
A8: Median Time to Report | B8: Median minutes between delivery and employee reporting. | C8: Decrease | D8: Faster reporting gives security teams more time to contain campaigns.
A10: Portfolio Note | B10: All data in this workbook is fictional and created solely for cybersecurity portfolio demonstration.
A12: Reference Framework | B12: NIST Cybersecurity Framework (CSF) 2.0
